item_id,item,label
378044472661000000,who s tryin to tube on boulder creek right now ? #boulderflood,not informative
378046271996441000,rt usrid scanner #boulderflood reports lee road rock slide road is closed,not informative
378053637177475000,anyone wanna go skinny dipping ? #boulderflood,not informative
378056971686932000,rt usrid #westminster and #thornton swift water dive teams en route to #boulder in case they are httpaddress #boulderflood #cowx,not informative
378057261081715000,#russelladler #news jamestown colorado is under mandatory evacuation order due to flash flooding usrid httpaddress,not informative
378058611638796000,rt usrid rt usrid sleeping above ground httpaddress stay safe #boulderflood #boulder httpaddress #cowx,not informative
378075674088448000,flash floods wash away homes kill at least one near boulder colorado httpaddress news httpaddress via usrid,not informative
378109257842827000,rt usrid rivalries aside keep those affected by the #boulderflood in your thoughts and httpaddress hopefully no more lives are taken,not informative
378112919499579000,one person killed and homes destroyed after flash floods wreak havoc in colorado httpaddress,not informative
378149984551449000,rt usrid #coflood hashtags #boulderflood #waldoflood #ccf #cowx any others ? when in doubt turn around seek higher ground d,not informative
378175691449070000,rt usrid #boulderflood road closures httpaddress many north #boulder roads just about every httpaddress stay httpaddress,not informative
378178661020496000,rt usrid forget biking to work today in #boulder we could have httpaddress #boulderflood httpaddress,not informative
378184491111842000,rt usrid if your bored check out the trend #boulderflood some crazy httpaddress,not informative
378190577046524000,what ? boulder be safe everyone ! rt usrid update d dead hundreds evacuated in colorado flooding httpaddress,not informative
378213377262109000,usrid ordering mandatory evacuations in the southmoor park httpaddress #coflood,not informative
378222998995882000,rt usrid monitor #boulderflood #cowx on #esri disaster response program public information map httpaddress,not informative
379103282745991000,at least d killd dd unaccountd d as floodwatr inundates colorado httpaddress #flooding #neighbors #park #thinking,not informative
379111721665057000,colorado floods more than dd still unaccounted for as devastating rain looms cnn international httpaddress httpaddress,not informative
379136388379058000,rt usrid at least dd unaccounted for in colorado floods as obama signs disaster declaration httpaddress,not informative
379189865776419000,rt usrid watching usrid video drone offers unique view of colorado flooding httpaddress via usrid,not informative
379231162876854000,#colorado braces for more heavy rain devastating floods httpaddress,not informative
379273391150080000,rt usrid hundreds are still missing in colorado with more rain and flooding expected to hamper rescue efforts today httpaddress,not informative
379287207187460000,rt usrid please pardon the inconvenience of my httpaddress i tried to hold it in but every hundred years or httpaddress #boulderflood,not informative
379288075387421000,rt usrid the best way to help #coflood survivors first visit httpaddress . this is how you make the greatest httpaddress,not informative
379289077826073000,i have no food and no way to get food #boulderflood,not informative
379302440899600000,rt usrid flooding at red rocks amphitheatre about dd rows under water ! photo via httpaddress #cowx #coflood httpaddress,not informative
379302940000793000,rt usrid my prayers go out to all the flooding victims in colorado right httpaddress,not informative
379314377876189000,rt usrid breaking experts have determined colorado flooding was caused by tears of badger fans fema is sending trucks loaded httpaddress,not informative
379316609258496000,rt usrid we just spoke with red httpaddress their seats are not underwater just httpaddress lumineers show tonight is still on as httpaddress #coflood,not informative
379339841508356000,floods transform colorado s gore tex vortex,not informative
379378227774755000,rt usrid over d dd missing in colorado flooding a large area of colorado primarily boulder county has experienced httpaddress httpaddress,not informative
379387736253162000,rt usrid httpaddress obama has declared a state of emergency in colorado after record httpaddress to find out how you can help go to htt,not informative
379387966948258000,. rt usrid #breaking raw sewage flowing from pipe north of space sciences east cu campus near httpaddress avoid httpaddress #coflood,not informative
379388977775514000,httpaddress #boulderflood #hope #love httpaddress,not informative
379391708271620000,rt usrid d people confirmed dead in colorado flooding and d 2d4 people unaccounted for statewide official says usrid http,not informative
379393608278737000,usrid usrid i live in boulder httpaddress this is trivia compared to what we re dealing with httpaddress #boulderflood,not informative
379412612653388000,flooding at cactus jacks in #evergreen #coflood #cowx photo by usrid httpaddress,not informative
379416379150987000,new look at the st vrain in #longmont via usrid look how high river is flowing at httpaddress httpaddress,not informative
379436071387685000,#colorado floods leave #hundreds unaccounted for httpaddress,not informative
379465200832754000,rt usrid your support is desperately httpaddress please help httpaddress #coflood #boulderflood #longmnotflood httpaddress,not informative
379552161333776000,usrid to whom it may concern kenn will be absent today due httpaddress major flooding in httpaddress sincerely the httpaddress,not informative
379565335676203000,that flooding in colorado lt ; lt ; lt ; lt ; #prayforcolorado and wherever that specific spot is httpaddress the httpaddress,not informative
379602534945808000,rt usrid our team made it over weekend d #coloradoflood to help in the usrid shelters there to meet needs of #kids keep httpaddress,not informative
379677000598028000,my favorite httpaddress spot along the #boulder creek .. is now a raging river #coflood central httpaddress,not informative
379698634838655000,d dd homes damaged in #coflood dd businesses destroyed about dd with httpaddress less than dd people still httpaddress httpaddress,not informative
379703361798300000,rt usrid rt usrid food and volunteers needed at the weld food httpaddress #coflood,not informative
379739172765831000,colorado floods how to help many organizations are already trying to find ways to help thousands of httpaddress httpaddress,not informative
379794378216071000,rt usrid video flooded #fracking sites in colorado httpaddress #coflood,not informative
379803890906305000,rt usrid whoa wile e . coyote httpaddress the zephyr tracks near moffat tunnel suspended in httpaddress #coflood httpaddress usrid,not informative
379836589691507000,praying for colorado because its crazy flooding out httpaddress,not informative
379844735034073000,rt usrid superior #cowx flooding farm spewing into adjacent httpaddress yes that all was dry httpaddress #colorado httpaddress,not informative
379971549811712000,sending our thoughts and prayers to those affected by the colorado flooding,not informative
379977572815102000,homes destroyed in colorado floods httpaddress #news,not informative
380000326927270000,rt usrid reid blames colorado floods on climate change httpaddress via usrid passed lobotomy,not informative
380003913060991000,colorado office of emergency management downgrades to dd unaccounted for people httpaddress #coflood,not informative
380011475391107000,#coflood update on usrid crews have cleared a large amount of debris at max capacity at water treatment plant per huntley,not informative
380084338856956000,usrid usrid is hosting a live online concert benefit tonight for the #coflood ! pls share ! #mccorelief httpaddress,not informative
380127972180906000,donate to #coflood recovery efforts at httpaddress please consider donating money as funds are most easily put to greatest need,not informative
380307245134643000,rt usrid did climate change worsen the colorado floods ? httpaddress via usrid,not informative
380311644967948000,an interactive map of the colorado floods httpaddress via usrid,not informative
380348735189836000,#breaking #coflood helicopters from ft . carson and usrid have evacuated dd people in usrid per mitch utterback,not informative
380400027329626000,potential health problems during flooding httpaddress kusa the flooding across large areas of colorado can bring along a ..,not informative
380461536793223000,dd world cataclysmic floods !! us colorado amp ; more than dd countries httpaddress via usrid,not informative
380468792922358000,rt usrid dd dd8 raised for #cofloodrelief so far ! call dd dd dd to donate and please rt ! httpaddress,not informative
380567652676014000,rt usrid rt usrid the big thompson river in httpaddress the bridge is closed and debris keeps piling up . #coflood usrid httpaddress,not informative
380596039730086000,rt usrid some d dd oil and natural gas wells have been shut down in #colorado due to flooding reports httpaddress httpaddress,not informative
380700599521509000,rt usrid want to help ? we are coordinating volunteers and donations through httpaddress thanks everyone !! #boulderflood,not informative
380739216486842000,rt usrid not for those with a weak stomach larimer county sheriff s flyover to survey the #coflood httpaddress httpaddress,not informative
380757004530508000,colorado floods what happens to all that water ? httpaddress via usrid,not informative
380812511974420000,rt usrid stunning new aerial pics of #coloradoflood #fracking httpaddress citizens call for moratorium httpaddress usrid,not informative
380819063464661000,rt usrid a redding woman describes her granddaughter s escape from disaster in the colorado httpaddress tonight on krcr news channel d .,not informative
380890362442564000,rt usrid digitalglobe takes a close look at colorado floods httpaddress,not informative
380902047773884000,rt usrid mt usrid toppled oil tanks spill into colorado rivers #coflood httpaddress,not informative
380924868952216000,rt usrid a message from usrid welcome to the climate that changed colorado ! httpaddress #coflood via usrid,not informative
381210744358183000,all evacuation shelters will be consolidated into one location the ymca in httpaddress get the details httpaddress #boulderflood,not informative
381277953851916000,usrid can you please help my friend wyl who lost his home and business in the colorado floods httpaddress please httpaddress,not informative
381399450263900000,pastor blames colorado floods on abortion weed and decadent homosexual activity httpaddress,not informative
381562671633424000,they come from home to httpaddress #boulderflood httpaddress,not informative
381839537627869000,at least dd people still missing in colorado flooding ; five dead tweettweetemergency workers are httpaddress httpaddress,not informative
381867249373418000,where the hell is my brother ? rt usrid thank you cu lacrosse team for volunteering ! usrid httpaddress #boulderflood,not informative
381930101018858000,rt usrid #whitehouse announces vp joe biden will visit #coflood areas monday speak in greeley httpaddress httpaddress hickenlooper amp ; fema s fugate i,not informative
381934337270100000,photos tour shows httpaddress httpaddress dd damage from colorado floods near httpaddress #coflood #cowx httpaddress,not informative
381964985045631000,builders and soldiers hustle to reconnect #colorado towns after flooding httpaddress,not informative
382261253902586000,rt usrid colorado flooding before and after photos httpaddress via usrid,not informative
382274570838737000,colorado republicans didn t feel the need to vote for federal disaster relief httpaddress then the floods httpaddress httpaddress,not informative
382599289651737000,rt usrid d more oil spills from flooding found in httpaddress httpaddress #oilspill #oil #uspoli #p2,not informative
382637432635941000,news d more oil spills from flooding found in colorado denver post httpaddress,not informative
382652037218832000,rt usrid #boulder officials reopen trails on mount httpaddress #boulderflood httpaddress via usrid,not informative
382679258260582000,rt usrid good news #coflood rt usrid all of the missing in colorado are now now accounted for httpaddress,not informative
382987891917726000,rt usrid after devastating floods colorado residents weigh the risks of rebuilding httpaddress,not informative
383278699790868000,rt usrid wow #schoolspirit !! lakewood high school does lip dub of katy perrys roar to raise funds for #coflood victims httpaddress,not informative
383569289560986000,colorado flooding has turned into major operation for the red httpaddress here is some info on how we are helping httpaddress,not informative
383702576169886000,the #colorado flood s impact on real estate httpaddress #coflood #homevalues,not informative
384720810575139000,impact of government shutdown on federal flood relief in colorado unclear httpaddress #govshutdown #coloradoflood,not informative
232099369975955000,rt usrid pagasa D 50pm advisory yellow warning for metro httpaddress occasional heavy rains in next d httpaddress floods httpaddress,not informative
232628821180953000,rt usrid usrid chair was right we can t control weather so we need to make metro manila flood httpaddress must spend on anti ..,not informative
232631115448480000,surviving in the manila flood #morefuninthephilippines httpaddress,not informative
232690720740344000,praying for philippine may god see you through and help those affected by the httpaddress amen,not informative
232699017044312000,rt usrid keep tweeting us so we can share updates with our httpaddress we re updating this list httpaddress #rescueph httpaddress,not informative
232713671946674000,flooding chaos in philippine s capital flood waters were rising in parts of the philippine capital on tuesday httpaddress httpaddress,not informative
232724086390919000,rt usrid put anyone who needs rescue httpaddress httpaddress #rescueph,not informative
232727227924615000,usrid hi carlos ! please use #rescueph hashtag too !,not informative
232730746958254000,plss we beg you rt usrid #rescueph please do rescue stray dogs and cats httpaddress,not informative
232737608852189000,rt out of control flooding in the httpaddress #prayforthephilippines #rescueph,not informative
232741941568233000,usrid you too enjoy manila floods ! wahaha !,not informative
232743678014288000,rt usrid usrid please rt . httpaddress needs rescue ! #rescueph d monte carlo st. ciudad grande valenzuela city near daland ..,not informative
232746769186963000,rt usrid some good news dd persons rescued from tatalon qc . #rescueph,not informative
232752850948739000,rt usrid pls #rescueph all the families na nasa taas na ng bubong dito sa san nicolas san fernando pampanga ! help them ! pls rt !,not informative
232753207477166000,rt usrid mahigit DD DD residente sa san mateo rizal apektado sa mga pagbaha ayon sa pdrrmc #dzbb via usrid #rescueph,not informative
232766495036412000,rt people at kingsville and filinvest east antipolo needs immediate httpaddress yung ibang tao nasa bubong na httpaddress usrid usrid #rescueph,not informative
232768537637294000,rt usrid sending love and worry to the httpaddress will also send aid donation using #reliefph httpaddress,not informative
232768722178286000,rt usrid sending love and worry to the httpaddress will also send aid donation using #reliefph httpaddress,not informative
232770148241666000,usrid usrid water needed for DD DD ppl at #177 rp palad st moras dela paz sto tomas pampanga #rescueph #reliefph,not informative
232779044377199000,rt usrid rt usrid pls help the students in ust dorms !! my sister s blockmates are running out of food !! #rescueph,not informative
232780009046163000,rt please join us as we make 6pm our time of prayer for our httpaddress d minutes to go . #prayforthephilippines #rescueph,not informative
232791925093175000,usrid philippine capital hit by floods httpaddress this is httpaddress wiped out whole families how lucky we all are in the uk,not informative
232796169699484000,rt usrid hi usrid can every tweet with hashtag #rescueph be a D donation to the philippines victims ? pls retweet this unt ..,not informative
232798707257573000,rain keeps on httpaddress keep safe ! lalo na ngayong madilim na ! ingatan po yung mga httpaddress charge ng httpaddress httpaddress #rescueph #reliefph,not informative
232799571317780000,#rescueph james are you able to verify this ? httpaddress,not informative
232799655203844000,rt usrid #floodsph fact genesis D D DD is about noah s httpaddress today is httpaddress,not informative
232802339550028000,#rescueph live tv on your mobile httpaddress httpaddress fufu,not informative
232809436303983000,keep calm and pack your things !! #rescueph #prayforthephilippines,not informative
232810296119554000,rt usrid #reliefph places where you can volunteer httpaddress send your donations httpaddress,not informative
232812619797512000,usrid concepcion integrated school in marikina has dd families no food yet the whole day #rescueph usrid,not informative
232813378928792000,rt usrid photos floods in manila are displacing tens of thousands of people httpaddress,not informative
232816419811774000,rt usrid usrid part rescuers ! please go to ust hospital mamatay na daw ang generator nila !! #rescueph,not informative
232816675685294000,rt usrid we need help !! d people inside house along banawe cor macopa httpaddress mesa httpaddress please spread !! #rescueph usrid ..,not informative
232818609259434000,rt pgh hospital staff residents nurses patients need food and httpaddress pgh is isolated by httpaddress pls help if you httpaddress #rescueph,not informative
232818957365682000,rt usrid #rescueph rt usrid nasa bubong with d httpaddress httpaddress charmaine dequit dd langka st. bulelak malanday marikina c ..,not informative
232819271963644000,rt usrid claretians do have a heart rt usrid httpaddress #reliefph claretians unite !,not informative
232819863356322000,rt usrid please rt ! ust hospital s generator already httpaddress please send some rescuers #rescueph,not informative
232819968197145000,#rescueph omg like i cannot believe this person httpaddress,not informative
232820085637657000,haha #prayforph #rescueph #reliefph httpaddress,not informative
232820958061277000,rt usrid usrid usrid ust hospital s generators already httpaddress please send httpaddress #rescueph #tulongtayotomasino #pray ..,not informative
232821184545309000,rt usrid family needs httpaddress address dd guirayan st. httpaddress dona imelda araneta httpaddress qc . #rescueph pls rt,not informative
232822648365801000,rt usrid uerm really needs help !! flood is almost at 3rd floor where the nursery is . no rescuers the whole httpaddress #rescueph,not informative
232822933574283000,pgh is also in need of httpaddress #reliefph,not informative
232822992277750000,#reliefph !! this really keeps me personally smile ! httpaddress,not informative
232823264924295000,rt usrid family needs httpaddress address dd guirayan st. httpaddress dona imelda araneta httpaddress qc . #rescueph pls rt,not informative
232823323648745000,rt usrid ust hospital s generator has already httpaddress doctors and patients in dire need of httpaddress #rescueph,not informative
232823478829605000,heavy floods hit manila video worldwide weather watch #wibiya httpaddress,not informative
232823596278497000,rt usrid somehow naiiyak ako sa httpaddress #rescueph httpaddress kawawa yung mga taong wala ng httpaddress #prayforthephilippines,not informative
232824699380441000,ust hospital and uerm in need of immediate httpaddress ust s morgue is flooded uerm s nursery is near being httpaddress please please #rescueph,not informative
232825030738862000,rt usrid hi usrid can every tweet with hashtag #rescueph be a D donation to the philippines victims ? pls retweet this unt ..,not informative
232831787762586000,thank you so much ! rt neilhimself sending love and worry to the httpaddress will also send aid donation using #reliefph httpaddress,not informative
232833553552003000,rt usrid mcdonald s stores open in metro manila are now accepting donations in kind rice noodles canned goods httpaddress for flood vi ..,not informative
232834199466418000,#rescueph live tv on your mobile httpaddress httpaddress fufu,not informative
232834853798830000,maging carefull httpaddress mahilig ka sa httpaddress be carefull httpaddress love you all #rescueph #prayforthephilippines,not informative
232836141420782000,#rescueph dd tv channels on your cell phone ? httpaddress httpaddress fufu,not informative
232838989386748000,#rescueph live tv on your mobile httpaddress httpaddress fufu,not informative
232839459119460000,#rescueph dd tv channels on your cell phone ? httpaddress httpaddress fufu,not informative
232842541962240000,#reliefph i love bacon i really like u .. i really like bacon i love u httpaddress,not informative
232848262967747000,rt usrid emergency numbers list per city via usrid #reliefph httpaddress,not informative
232855493964624000,rt usrid hi usrid can every tweet with hashtag #rescueph be a D donation to the philippines victims ? pls retweet this unt ..,not informative
232861743477572000,i can t help financially but i can be a volunteer ! #rescueph #reliefph,not informative
232870274700292000,and also the doxycycline for leptospirosis prophylaxis isn t httpaddress better wash the exposed part with clean water and soap ! #reliefph,not informative
232872908685443000,rt usrid pls help ! raiza lacostales and d others trapped d9bougainvilla st. minahan malanday httpaddress #rescueph usrid ..,not informative
232876373193138000,usrid rescue pls hed woodwork dd gov pascual brgy catmon malabon tapat ng gulayan near chinese temple dd #rescueph,not informative
232895985767043000,rt usrid free tv news coverage of #habagat rains amp ; flood httpaddress switching to radio httpaddress listening to dzbb httpaddress,not informative
232904588284527000,rt usrid #reliefph usrid food amp ; h2o httpaddress provident village melbourne cor httpaddress aina httpaddress with dd ppl with ki ..,not informative
232911735382766000,rt usrid mandaluyong command httpaddress tel # dd #phalerts #rescueph via usrid usrid,not informative
232912876241838000,rt usrid usrid dd tirad pass cor sto domingo qc ! dd persons including d httpaddress dd 81d httpaddress magoo dulalia #rescueph,not informative
232918265909879000,rt usrid don t tell god how strong the typhoon is tell the typhoon how big your god is . genesis D D DD #rescueph #philippines,not informative
232939950440608000,how many wake up calls do we still need just to learn from our httpaddress godbless rp . #prayforthephilippines #rescueph #reliefph,not informative
233021282197860000,from mashable hashtags help coordinate relief efforts in philippine floods in the midst httpaddress httpaddress #socialmedia #news,not informative
233023555531579000,rt usrid #rescueph rt usrid francis ong and fam of d yale httpaddress cambridge st. provident vill httpaddress d pax stranded on rooftop ..,not informative
233029884740518000,hashtags help coordinate relief efforts in philippine floods via usrid httpaddress #socialmedia #emergency,not informative
233036369126101000,pls rt . super httpaddress the ateneo hs #reliefph kitchen badly needs food containers paper kung httpaddress ok na styro or microwave httpaddress,not informative
233042312442311000,rt usrid usrid sabi nga nila work for a cause not for httpaddress #reliefph,not informative
233087061484270000,rt usrid still hoping that some famous person will donate thousands of things to assumption antipolo httpaddress #rescueph,not informative
233100231607214000,rt usrid rubber boats urgently needed in ua amp ;p pearl drive httpaddress a lot of donations to httpaddress #reliefph pls rt,not informative
233102991455031000,rt usrid #rescueph daryll patco is on the roof of his house right now dd thaddeus marietta romeo village brgy sta lucia pasig city d ..,not informative
233104102945608000,pakiusap ang hashtags na #reliefph #rescueph #floodsph ay httpaddress gamitin natin ng httpaddress,not informative
233113263313916000,rt usrid wag ka ng magalala hindi niya tayo httpaddress god #bangonpilipinas #reliefph #rescueph,not informative
233121454781243000,usrid dd ilang ilang st. bayanihan vilage cainta rizal david bautista DD dd dd httpaddress needs rescue usrid usrid #rescueph,not informative
233132120875360000,it hasn t stopped raining since lunch httpaddress waist deep floods again all over httpaddress take care people !,not informative
233136390701998000,rt usrid we still accept donations relief goods like clothes water ready to eat food httpaddress pls rt . #rescueph httpaddress ..,not informative
233147719500300000,rt usrid usrid wtf is happening ? intense drought in america flood here in manila and snow in africa ? httpaddress #climatec ..,not informative
233150760366506000,usrid pls help matet reginaldo and her D week old baby ! lot4block3 villa olympia sto domingo cainta rizal #rescueph usrid,not informative
233152798789882000,usrid #reliefph d those hu want d don8 #pampanga im raising 38thou d hdo d d00fams in evac heroes hall csfp 09175d7d8d8pls rt,not informative
233162466685751000,rt usrid usrid nagpuputukan na daw po ang live wires sa dapitan httpaddress #rescueph,not informative
233163892753306000,rt usrid snow in africa drought in usa flood in manila volcanic eruption in new zealand and earthquake in httpaddress trust go ..,not informative
233166606472212000,rt usrid our thoughts are with the DD DD people left homeless by floods in metro manila philippines httpaddress,not informative
233171161448600000,we re glad that our httpaddress mayor gerry calderon doing his job but angono rizal needs httpaddress #reliefph,not informative
233174084903645000,rt usrid usrid de castro httpaddress school received relief goods from the mayor s office httpaddress #reliefph,not informative
233177331307520000,zalora ph accepting donations #reliefph httpaddress via usrid,not informative
233180565111710000,#reliefph the following schools are now accepting donations ua amp ;p ateneo lsgh dlsz up ust letran dlsu adamson san beda amp ; httpaddress,not informative
233211560993104000,rt usrid still shooting on day d of the tv httpaddress the show must go on ! #floodsph,not informative
233251444629860000,may httpaddress dd malinis st. riverside httpaddress httpaddress sto domingo cainta httpaddress maranan DD #rescueph usrid usrid,not informative
233281488421024000,residents near #marikina river #evacuate to higher ground now ! move away from low lying areas ! #floodsph #phalerts #philippines,not informative
390081848291779000,death toll in philippines quake jumps to DD httpAddress via usrId,Informative
390082540369097000,rt usrId update police raise death toll to DD in earthquake in central philippines usrId,Informative
390085593822015000,rt usrId all my support to the families of the victims due to the terrible earthquake that hit central philippines httpAddress,not informative
390088823436481000,rt usrId at least DD dead churches destroyed as 7.2 earthquake hits philippines httpAddress,Informative
390090169799303000,rt usrId please pray for those suffering in the philippines earthquake if you d like to help we have a peace team already there,not informative
390100294844969000,maging sensitive din pag may httpAddress usrId #getwellsoondanielpadilla beats #prayforvisayas ? read this httpAddress,not informative
390101590868107000,rt usrId so mas important ang #getwellsoondanielpadilla kaysa #prayforvisayas para sa inyo ? shame on httpAddress shame on you x99,not informative
390102668816835000,strong quake kills at least DD in central philippines httpAddress,Informative
390104627548787000,were going to be okay #bohol,not informative
390105525125280000,#g2bcatchmeimfalling #mentionperfectbestfriend #ineverthought #youremoreattractiveif #prayforvisayas cebu and bohol,not informative
390115230774067000,usrId #getwellsoondanielpadilla beats #prayforvisayas httpAddress,not informative
390124709875970000,let us pray for our brothers and httpAddress #prayforthephilippines #prayforvisayas #prayforcebuandbohol,not informative
390126395981984000,rt usrId let s just pray for the victims of httpAddress god is always with us ! #prayforvisayas cebu and httpAddress,not informative
390130372220289000,rt usrId sa lahat ng vicerylle babies at sa lahat ng mga regular na tao dito sa httpAddress ingat kayo ingat tayo #prayforvisayas,not informative
390131466912293000,at least DD people dead after 7.2 earthquake hits central philippines fox news httpAddress via usrId #coe215,Informative
390134117704028000,rt usrId luzon typhoons visayas earthquake mindanao war its not fun in the philippines httpAddress,not informative
390135241781682000,rt usrId lord take hold of the visayas httpAddress may your mercy rests among your httpAddress god bless the philippines ! #prayforvisayas,not informative
390175460979515000,photo gallery see the damage from the 7.2 quake that struck the central httpAddress httpAddress httpAddress,Informative
390215176814723000,magnitude 7.2 earthquake rocks philippines httpAddress,Informative
390228627956068000,usrId video earthquake hits philippines at least DD people have died after an earthquake struck the central httpAddress usrId,Informative
390330323063423000,DD httpAddress #prayforvisayas,Informative
390346676637954000,nakakapanghinayang talaga yung mga old churches na nasira dahil sa httpAddress #prayforvisayas,not informative
390347750409110000,rt usrId #prayforbohol #prayforcebu,not informative
390375290184032000,usrId #prayforbohol #prayforcebu,not informative
390389747950309000,rt usrId quake kills DD in central philippines httpAddress,Informative
390403815641346000,death toll in philippines quake reaches 110 cebu philippines the death toll from a httpAddress httpAddress httpAddress,Informative
390417967244005000,rt usrId scores dead in #philippine 7.2 magnitude earthquake httpAddress #prayforvisayas #bohol httpAddress,Informative
390428494947054000,rt usrId earthquake in the philippines has reduced historic landmarks to rubble httpAddress via usrId,Informative
390439282675946000,dozens dead as httpAddress earthquake hits the philippines httpAddress,Informative
390452503118365000,rt usrId swifties pray for the philippines about the earthquake yesterday and for the people affected httpAddress,not informative
390462166823756000,update your collective efforts have made it possible for us to continue providing the best customer experience httpAddress #cebu,not informative
390666265846891000,our church may have been shaken but our fait in god will never be . #dauischurch #prayforbohol httpAddress,not informative
390727158747759000,rt usrId another httpAddress residents now are starting to stay out of their httpAddress short duration from d last one 15m httpAddress #cebu v,Informative
390803927110660000,rt usrId for now we believe that the #philippines economic growth prospects remain unaffected by the bohol httpAddress,not informative
390810914812740000,lead us to a place guide us with your grace to a place were will be safe #prayforbohol #lss,not informative
390849317864358000,update lds missionaries ran to safety during quake in philippines httpAddress,Informative
390980821873463000,rt usrId we continue to #prayforvisayas and all the affected httpAddress keep safe everyone ! godbless us ! #faith #hope #love httpAddress,not informative
391023637311943000,lets pray for the victims of earthquake in the philippines,not informative
391122174108385000,#bohol httpAddress,not informative
391364286108283000,rt usrId usrId prayers go out to the people affected by the earthquake that hit the philippines today prayers for httpAddress,not informative
391501607617458000,here s how you can help the visayas quake httpAddress give generously as you possibly httpAddress #reliefph httpAddress,Informative
391526328832254000,that was kind of strong aftershock we got here in #cebu,not informative
391713705185915000,off to bohol philippines and visit those earthquake victims !!,not informative
391716876092330000,rt usrId #prayforvisayas httpAddress,not informative
391947709617164000,stay safe everyone #earthquakeph #cebu #bohol #aegisites,not informative
391955859145621000,rt usrId #cebu city mayor rama is #bangonsugbohol concert finale performer reminding people to disregard the hoax text of an 8.0,Informative
392069424112362000,rt usrId 5.3 earthquake 3km ne of balilihan httpAddress oct DD 07 03 at epicenter 15m ago depth httpAddress httpAddress,Informative
392158095868436000,rt usrId #reliefph and rehab efforts for areas affected by #earthquakeph are httpAddress click on this link for updates httpAddress,Informative
392201997681578000,earthquake update m 4.7 283km ssw of maitum philippines dyfi ? itime2013 10 21 07 09 58 utc2013 10 21 httpAddress httpAddress,Informative
392261795856937000,pia #relief efforts for earthquake victims in #bohol #cebu continue httpAddress,Informative
392417454884151000,help the victims of the deadly earthquake that struck #cebu and #bohol by donating to httpAddress make your gift httpAddress #philippines,Informative
392732543579329000,the gallo family preview #familyphoto #family #evansyonson #camiguin #guimaras #cebu #familypicture httpAddress,not informative
392748888773231000,#inquirer quake death toll hits 195 the death toll in the httpAddress DD earthquake .. httpAddress #pinoy #philippines,Informative
393332756840600000,4.7 earthquake ! thu oct DD 01 36 31 cdt DD near 4km ssw of la paz philippines httpAddress,Informative
243148357902676000,#earthquake # m httpAddress 105km nne of road town british virgin islands wednesday september 05 DD 00 24 51 utctuesday september 04 ..,not informative
243157258232549000,#usgs #alert m httpAddress virgin islands region september 05 DD 00 24 48 gmt httpAddress #earthquake #tsunami #prayfromjapan,not informative
243336204010013000,#earthquake #emsc m 4.5 kepulauan babar indonesia magnitudem httpAddress babar httpAddress httpAddress #tameemi,not informative
243359583056310000,#temblorcr en rohrmoser se sinti muy fuerte y se quebraron httpAddress usrId,Informative
243360510010069000,rt usrId 7.9 earthquake off the coast of costa httpAddress sep D 8 42am at epicenter 6m ago 83km s of liberia depth httpAddress http ..,Informative
243361697002299000,httpAddress 7.9 earthquake off the coast of costa httpAddress sep D httpAddress,Informative
243362577801937000,rt usrId urgente un terremoto de magnitud 7 9 sacudi #costarica segn el servicio geolgico de estados httpAddress httpAddress,Informative
243362774934229000,rt usrId terremoto en costa rica rt usrId segn usgs el sismo habra sido de 7 9 grados con epicentro en #guanacaste,Informative
243363303424917000,dice usrId httpAddress un terremoto de magnitud 7 9 sacudi #costarica segn el servicio geolgico de estados unidos va usrId,Informative
243363815134200000,usrId tras el sismo de 7 9 en #costarica hay alerta de #tsunami para toda la zona costera desde #centroamrica hasta #brasil #colombia,Informative
243363945157648000,rt usrId ahora shoa decreta alerta de tsunami para la costa chilena tras terremoto en costa httpAddress,Informative
243363961926459000,rt usrId magnitude 7.9 #earthquake hits #costarica httpAddress details soon httpAddress,Informative
243364079371162000,rt usrId ltima hora un terremoto de magnitud 7.9 sacude costa rica,Informative
243364993712652000,rt usrId ltima hora terremoto de 7.9 grados en costa httpAddress hay alerta de tsunami,Informative
243365140496540000,rt usrId magnitude 7.9 #earthquake hits #costarica httpAddress details soon httpAddress,Informative
243365190844961000,o rt usrId gt ; rt usrId terremoto de 7.9 en costa rica una advertencia de tsunami cont httpAddress,Informative
243365643821388000,rt usrId #ultimominuto autoridades han emitido alerta de tsunami para la zona del caribe por sismo de httpAddress en #costarica,Informative
243365878719201000,rt usrId chile s navy declares tsunami alert warning for country s coastline following costa rica quake usrId usgs revise ..,Informative
243365912252674000,rt usrId vecinos de nandayure informan que torre de la iglesia se httpAddress #temblorcr httpAddress usrId,Informative
243366574977851000,rt usrId #terremoto en costa rica activa alerta de #tsunami para norte de chile aqu la noticia completa httpAddress,Informative
243366767903265000,rt usrId chile s navy declares tsunami alert warning for country s coastline following costa rica quake usrId usgs revise ..,Informative
243367082467668000,rt usrId la casa de mi hermana en montezuma en guanacaste con el piso levantado #temblorcr,Informative
243367317344498000,rt usrId ltima hora alerta de tsunami en amrica central y chile tras fuerte terremoto en costa rica,Informative
243367954903884000,usrId reducen a 7 6 la magnitud del sismo que sacudi #costarica y que activ una alerta de tsunami httpAddress,Informative
243368210756428000,rt usrId si no es necesario no usen el telfono es importante no saturar httpAddress #temblorcr,Informative
243368726643225000,rt usrId terremoto de 7 9 sacude costa rica,Informative
243368881853432000,rt usrId 7.9 earthquake hits costa rica,Informative
243369045406130000,rt usrId aviso de tsunami en el caribe tras un terremoto de 7 9 cerca de costa rica httpAddress,Informative
243369917829759000,rt usrId terremoto de 7.9 grados en costa httpAddress hay alerta de tsunami httpAddress,Informative
243369976533242000,brother hubo temblor en costa rica y por lo que he leido hay probabilidad de tsunami y uno de los paises q serian afectado es ecuador s,Informative
243370001707459000,httpAddress magnitude 7.9 quake strikes northwestern costa rica washington reuters a 7.9 httpAddress httpAddress travel,Informative
243370546966979000,fuertes rplicas se sienten ahora en #costarica tras #sismo de magnitud 7 6 que sacudi el httpAddress,Informative
243370588922585000,usrId cancelan alerta d tsunami activada de #centroamrica a #brasil tras fuerte sismo de 7 6 q sacudi #costarica httpAddress,Informative
243371046093324000,rt usrId 7.9 earthquake off the coast of costa httpAddress sep D 8 42am at epicenter 6m ago 83km s of liberia depth httpAddress http ..,Informative
243371167740748000,pura httpAddress rt usrId powerful earthquake hits northern costa rica triggers tsunami warning httpAddress,Informative
243372438610665000,rt usrId principales medios de costa rica inhabilitados tras fuerte terremoto httpAddress,Informative
243372568617304000,rt usrId breaking powerful httpAddress earthquake reported in costa httpAddress,Informative
243373348787208000,costa rica earthquake hits at 7.9 magnitude httpAddress,Informative
243375215231513000,rt usrId usrId capitn de la marina descarta riesgo de tsunami para per tras terremoto de 7.6 en #costa rica httpAddress ..,Informative
243375475278348000,rt usrId httpAddress quake hits on costa rican httpAddress httpAddress,Informative
243375861137539000,earthquake here in #costarica #temblorcr,not informative
243375865369592000,my prayers go out to every1 in httpAddress had a 7.9 earthquake,not informative
243376028934873000,rt usrId #envivo reporta el miembro de los bomberos de #costarica se ha activado operativo de emergencia con todas las autoridade ..,Informative
243376129598169000,usrId un terremoto de 7 9 sacude costa rica httpAddress cerca de la costa del pacfico a una profundidad de DD kilmetros,Informative
243376318341870000,alerta de tsunami para las costas de chile tras terremoto en costa rica httpAddress va usrId,Informative
243376419009360000,rt usrId el epicentro del terremoto en costa rica fue en tierra por eso no se gener un httpAddress,Informative
243376779690123000,powerful earthquake reported in costa rica nosara costa rica ap a powerful httpAddress httpAddress via ap newsfeed,Informative
243377631142216000,major earthquake hits costa rica tsunami warning issued httpAddress,Informative
243377803138052000,#costarica #lingerie not to blame for missed do the httpAddress httpAddress,not informative
243377920561791000,rt usrId usrId vean como qued el edificio de ingenieria electrica de la ucr #temblorcr httpAddress #temblocr,not informative
243378340008976000,httpAddress terremoto en costa rica httpAddress,Informative
243379438908219000,httpAddress strong earthquake hits costa rica a powerful earthquake of 7.6 magnitude rocks north west httpAddress httpAddress,Informative
243379598287589000,httpAddress quake strikes off costa rica coast httpAddress #breakingnews #costarica,Informative
243379824775819000,usrId reporting that there has been damage reported to the estadio nacional in costa rica following httpAddress,Informative
243381871591973000,rt usrId usrId informan de derrumbes en varias httpAddress muchos lugares an sin httpAddress recibimos sus httpAddress #terremotocr,Informative
243383561917452000,alerta de tsunami en el pacfico tras un fuerte terremoto en costa rica httpAddress va usrId,Informative
243384476254757000,rt usrId costa rica httpAddress earthquake largest quake to hit the country since DD httpAddress,Informative
243389895308095000,rt usrId magnitude 7.9 earthquake strikes off the coast of costa rica usgs,Informative
243390335684837000,que dicha rt usrId teatro nacional de costa rica no reporta daos en su estructura debido al #temblorcr,Informative
243405590402044000,rt usrId los tanques de oxgeno rodaban por el suelo #temblorcr httpAddress,not informative
243406437613724000,rt usrId gracias a todos los que se han preocupado por el temblor que pas en costa rica estamos bien confiando en que la mano de ..,not informative
243408123736519000,seor cuida de nosotros porfavor !! #fuerzacr #earthquake #costarica 7.6 httpAddress,not informative
243410434806399000,rt usrId terremoto de 7.6 en costa rica httpAddress,Informative
243411269468713000,rt usrId tras el sismo de 7 9 en #costarica hay alerta de #tsunami para toda la zona costera desde #centroamrica hasta #brasil http ..,Informative
243413492453999000,rt usrId 1 2 httpAddress httpAddress 10km #earthquake,not informative
243417825149084000,rt usrId usrId pregunto por costa rica porque ha habido un httpAddress un abrazo,not informative
243419578393321000,powerful quake hits costa rica two dead yahoo ! news httpAddress via usrId,Informative
243431779636224000,rt usrId terremoto en #costarica alla decian que era de httpAddress aca c5n decian 7.9 ? ah ya entendi el c5n es terremoto blue gt ;,not informative
243432907887235000,alcalde de constitucin dijo que se exager por alerta de tsunami tras terremoto en costa rica httpAddress,not informative
243443297190822000,#theangieshow breaking news earthquake with 7.6 mag hits costa rica the associated press has reported that httpAddress httpAddress,Informative
243455364203422000,rt usrId i cummed so hard i caused an earthquake in costa httpAddress oops ! httpAddress,not informative
243463945749414000,chileno en #costarica fue como un temblor fuerte pero se espera uno ms grande httpAddress,not informative
243469150863884000,rt usrId tras el sismo de 7 9 en #costarica hay alerta de #tsunami para toda la zona costera desde #centroamrica hasta #brasil http ..,Informative
243473626207228000,huge quake jolts costa rica two killed httpAddress,Informative
243492123058520000,rt usrId estamos orando por costa rica esta nacin fue alcanzada hoy por un httpAddress unamonos en oracin a favor de esta ..,not informative
243492429238530000,hubo un terremoto en costa rica o,not informative
243510632526266000,miren como quedo el piso en algunas partes de costa rica luego del terremoto de 7.6 httpAddress,Informative
243515896373584000,rt usrId comisin nacional de emergencias de costa rica declar alerta roja en el pas tras terremoto de 7 6 que dej D fal ..,Informative
243534309359751000,rt usrId guatemala manifiesta solidaridad con costa rica por terremoto de 7.6 grados httpAddress,Informative
243542547010576000,#earthquake m httpAddress kepulauan talaud indonesia httpAddress,not informative
243571080843891000,terremoto 7.6 costa rica tupsa httpAddress httpAddress va usrId,Informative
243692740825723000,hei raga questa sera emergency all aquila sui luoghi del #terremoto vediamoli insieme httpAddress via usrId,not informative
243777092452487000,solo daos leves tuvo el estadio nacional de #costarica por el terremoto foto usrId cc usrId httpAddress,Informative
243849196757725000,guatemala lamenta terremoto ocurrido en costa rica la comisin nacional de emergencia cne costarricense an httpAddress httpAddress,Informative
243872714224464000,rt usrId gran gesto de la seleccin de #mxico solidarizndose con el pueblo de #costarica de aplaudir httpAddress,not informative
243888124105744000,rt usrId #earthquake m httpAddress vanuatu depth httpAddress km sep D 1 52 42 DD bst httpAddress,Informative
243908894294962000,rt usrId declaran alerta verde en nicaragua por enjambre ssmico en el lago de httpAddress estara ligado al terremoto de costa rica,Informative
243960412930982000,mondo tempo reale terremoto costa rica secondo gli esperti la penisola di nicoya si sarebbe alzata di D metro ! httpAddress,Informative
243970395353514000,#earthquake in la 0 hope everyone is okay httpAddress feel a thing here in b.c,not informative
243970923835830000,i don t think i have ever seen an #earthquake upgraded come on beverly hills ! what s the deal ? so many this year and all at httpAddress httpAddress,not informative
243971632664809000,rt usrId that aint no #earthquake thats just tha shudder of me satisfyin ladies,not informative
243972219875774000,rt usrId usrId sorry guys i was having httpAddress #mybad #earthquake #losangeles lol !! go you ! buh for safety sake keep ..,not informative
243972375060824000,rt usrId not in la but i m all over this trend right now ! #earthquake omg you feel that ?! crazy !!,not informative
243974115722162000,rt usrId it looks like the #beverlyhills #earthquake was upgraded to a httpAddress httpAddress,not informative
244024363458896000,costa rica escapes serious damage from big quake httpAddress,Informative
244059457196286000,espero que no se venga un #temblorcr ! aqui si me daria miedo ! facultad de ciencias sociales httpAddress,not informative
244065815777903000,nope missed that one as httpAddress #earthquake #zz,not informative
244083696074908000,rt usrId #earthquake m httpAddress central california httpAddress,not informative
244094269923676000,rt usrId earthquakes in southern central california today not triggered by httpAddress quake in costa rica usrId httpAddress ..,Informative
244097881215209000,rt usrId damn i slept through another one !! #earthquake,not informative
244216412275634000,usrId esta noche 20h30 por #aztecasiete regresan las clases particulares gratuitas con usrId #mxico vs . #costarica usrId,not informative
244249748603826000,rt usrId 081041D httpAddress D #saigai #jishin #earthquake,not informative
244256639820132000,#mexico vs . #costarica . #letsgomexico lt ;3,not informative
244279624610226000,rt usrId gol anulado a brenes de costa rica por fuera de lugar bien sealado #costarica 0 2 #mxico httpAddress,not informative
244420150596604000,#earthquake at 12 35 pm utc in minahasa there was a #seismic activity httpAddress depth httpAddress,not informative
244505953444168000,rt usrId 3 httpAddress httpAddress 30km #earthquake,not informative
244534114026418000,rt usrId se acaba de registrar un httpAddress se sinti en el valle httpAddress agradecemos sus reportes #temblorcr,Informative
244540145418781000,rt usrId la duracin del movimiento fuerte en este ltimo #temblorcr en santa cruz fue de D segundos el mircoles haba sido DD s ..,Informative
244567513269162000,rt usrId curiosidades terremoto de costa rica ocurri dos horas despus de que el haarp se activara en httpAddress cientficos inves ..,Informative
244657808220504000,rt usrId video interior de un supermercado durante el terremoto d costa rica httpAddress qu gacho se ve . miedo httpAddress,Informative
244914151506448000,#temblor m httpAddress 27km wnw of la puerta de san jose argentina httpAddress #earthquake #sismo,not informative
245039980609692000,rt usrId ahora #sismo de m httpAddress 244km s of sidorukun indonesia httpAddress #jishin #quake,not informative
245380130309038000,#earthquake m httpAddress northern california httpAddress,not informative
245387931706077000,casa del mar DD cozy rooms with fan or ac gardens cool water jacuzzi bar and friendly staff #costarica #samara httpAddress,not informative
245570648158646000,usrId enamrate del parque nacional manuel httpAddress #costarica httpAddress enamorate d manuel antonio !! usrId jajajaj,not informative
245729952027259000,5.5 #earthquake tue sep DD 22 27 45 cdt DD near crete greece httpAddress,not informative
245731537478365000,mi #panama y #costarica pasaron,not informative
245825510872084000,rt usrId #geneva #hrc21 #costarica #un #uruguay #un these crimes protesters in #bahrain #europe #humanrights #africa #croatia ..,not informative
245852526371541000,#usgs #alert m httpAddress virgin islands region httpAddress #pastday #earthquake #tsunami #prayfromjapan,not informative
246264474129011000,great ideas for #repurposing materials amp ; objects ! check it out httpAddress #recycle #reuse #costarica,not informative
246281909850743000,#usgs #alert m httpAddress puerto rico region httpAddress #pasthour #earthquake #tsunami #prayfromjapan,not informative
246298062115455000,rt usrId 5 4 httpAddress httpAddress 30km #earthquake,not informative
246298724798714000,rt usrId 1 4 httpAddress httpAddress 10km #earthquake,not informative
246299085504659000,rt usrId 140224 httpAddress httpAddress #saigai #jishin #earthquake,not informative
246317901152391000,#earthquake m httpAddress northern alaska httpAddress,not informative
246332702880571000,#usgs #alert m httpAddress northern california september 13 DD 19 25 20 gmt httpAddress #earthquake #tsunami #prayfromjapan,not informative
246482691166450000,#quake 2012 09 14 04 51 48 mb httpAddress httpAddress mentawai region indonesia httpAddress httpAddress 1cbfb httpAddress httpAddress httpAddress,not informative
246552736068424000,#earthquake httpAddress usrId #earthquake httpAddress httpAddress,not informative
246586990924014000,rt usrId anche stanotte ci ha scossi #terremoto #ff a tutti noi che #teniamobotta ! nessuno ci httpAddress,not informative
246589444596064000,rt usrId in my last report i told you about a 4.5 magnitude #earthquake in httpAddress no injuries or damage httpAddress struck 4 53am,not informative
246673070620819000,#usgs #breaking m httpAddress 27km nw of willow alaska httpAddress #pasthour #12 #earthquake #tsunami #prayfromjapan,not informative
246676447069106000,3.3 northern california bear river ridge rd rio dell ca 95562 usa httpAddress 14 21 59 edt depth httpAddress km httpAddress mi #hmrd #quake,not informative
246720818611114000,costa rica banhvi con gerente interino entornointeligente httpAddress #costarica,not informative
246813793726902000,#earthquake magnitudeml httpAddress islands spain regiondate time2012 09 15 httpAddress httpAddress httpAddress,not informative
247030681203536000,#earthquake magnitudem httpAddress of java indonesiadate time2012 09 15 httpAddress httpAddress httpAddress,not informative
247141507272950000,#quake 2012 09 16 00 39 25 mb httpAddress offshore oaxaca mexico httpAddress httpAddress 1cbfb httpAddress,not informative
247196821758296000,#earthquake m httpAddress puerto rico september 16 DD 04 12 47 gmt httpAddress,not informative
247372466635289000,D 20D29D7 DD2 goo httpAddress #earthquake #,not informative
247704898802700000,check out these #costarica videos we sponsored from usrId learn about costa rica s wildlife amp ; httpAddress #student #travel,not informative
247929440842174000,#earthquake m 4.8 pacific ocean tonga tongatapu ohonua preliminary earthquake report httpAddress httpAddress httpAddress,not informative
248095728218550000,rt usrId #terremoto emilia un aiuto da mude piemonte modello unico digitale per ledilizia httpAddress usrId ..,not informative
248401685918138000,#terremoto soddisfazione di errani per lo stanziamento ue . europa riconosce importanza regione e gravit dei danni httpAddress,not informative
248518958662169000,httpAddress muore sotto macerie del httpAddress il padre per #inail vale DD ricorso httpAddress,not informative
248962980253954000,#earthquake au time httpAddress 20 41 47 utc region near boorowa httpAddress m httpAddress depth 0km httpAddress #,not informative
265785591206134000,con todo mi #guatemala,not informative
265912993198514000,usrId httpAddress 14 24 hlv httpAddress 3.1 mw a DD km al suroeste de san cristobal httpAddress httpAddress w httpAddress httpAddress km,Informative
266220150485836000,usrId D . 5 earthquake 49km sw of champerico httpAddress nov D 10 35 at httpAddress httpAddress que grueso !,Informative
266220251119768000,usrId usrId #temblor m httpAddress 49km sw of champerico guatemala httpAddress httpAddress se sintio feo loco httpAddress,Informative
266220716712669000,rt usrId al parecer el sismo fue en la frontera con httpAddress 7.5 es el nuevo httpAddress #sismoenvivo,Informative
266221849166377000,rt usrId D . 5 earthquake 49km sw of champerico httpAddress nov D 10 35 at epicenter 6m ago depth httpAddress httpAddress,Informative
266222126007198000,strong tremor felt in guatemala city el salvador guatemala city reuters a strong earthquake shook httpAddress httpAddress,Informative
266222151139475000,rt usrId un #temblor de 7.3 grados con epicentro en #chiapas se siente el sur de #mxico #guatemala y el #salvador httpAddress,Informative
266223124251546000,rt usrId sismo de magnitud 7 5 en centroamrica se sinti en mxico guatemala y el httpAddress #maanasblu,Informative
266223484944908000,rt usrId urgente #sismo de magnitud 7 5 sacude #guatemala httpAddress,Informative
266224239932228000,usrId hola debido al terremoto en mexico guatemala y en gran parte de centro america se pronostica algun sismo para httpAddress,not informative
266225351397626000,usrId hasta el momento no se registran victimas fatales del sismo d 7.3 #guatemala #edomex #mexico #chiapas #guerrero #oaxaca #df,Informative
266225946984608000,informe especial #sismo de magnitud 7 5 sacude #guatemala,Informative
266226135749235000,rt usrId magnitude 7.5 earthquake strikes off guatemala s pacific httpAddress no tsunami warning httpAddress details soon httpAddress ..,Informative
266227301769961000,rt usrId #sismo de 7 33 grados richter sacude el sureste de #mxico httpAddress,Informative
266228149023564000,rt usrId presidenteoj se suspenden las actividades en la torre de tribunales por el da de httpAddress #temblorgt,Informative
266230049022280000,rt usrId actualizacin terremoto de 7.5 grados sacude a guatemala mxico y el salvador httpAddress,Informative
266231064039678000,rt usrId #terremoto de magnitud 7.3 sacude la costa de #guatemala se sinti en #mexico y #honduras httpAddress usrId ..,Informative
266231529636770000,ni siquiera sent el #sismo,not informative
266234029412606000,rt usrId massive earthquake m 7.4 strikes guatemala httpAddress,Informative
266235459666059000,terremoto sacude mxico guatemala y el httpAddress alerta de tsunami para la costa httpAddress,Informative
266236684440588000,rt usrId foto reportan daos materiales en guatemala despus del sismo httpAddress va usrId,Informative
266238022398398000,rt usrId al menos tres muertos por fuerte terremoto en httpAddress unas DD casas se desplomaron en san pedro sacatepquez depart ..,Informative
266238626373980000,rt usrId impactantes imgenes de lo que ocasiono el devastador #temblor #temblorgt httpAddress,not informative
266239632998556000,presidente otto prez declares red alert in all of the country of httpAddress insivumeh removed the tsunami httpAddress httpAddress,Informative
266243441426584000,un terremoto de magnitud 7 5 sacude la costa de guatemala httpAddress,Informative
266245546967196000,rt usrId #sismo nicaragua emite alerta de httpAddress hacen llamado a la poblacin para la movilizacin hacia las zonas httpAddress ..,not informative
266247610564751000,rt usrId en donde estuvo ms fuerte el temblor ? en chiapas o guatemala ? usrId usrId,not informative
266251955897238000,rt usrId rt usrId httpAddress 14 0 hlv httpAddress 4.7 mw a DD km al suroeste de #coro httpAddress httpAddress w httpAddress 5.0 km,Informative
266253604229370000,rt usrId rt si eres de guatemala el salvador o mexico y sentiste el httpAddress,not informative
266254946402460000,rt usrId urgente agencia reuters confirma ocho muertos tras el terremoto en guatemala,Informative
266260294152622000,fuerte terremoto en el mar de guatemala de 7.4 grados y a DD km de profundidad httpAddress,Informative
266261598597960000,rt usrId cuando sean sus casas las derrumbadas y sus familiares los fallecidos a ver si se animan a hacer httpAddress #terremotogt,not informative
266276601614987000,rt usrId aumenta nmero de muertos por terremoto en guatemala ms de DD fallecidos gt ; httpAddress,Informative
266278518395113000,terremoto en guatemala !! varios muertos y al menos un ciento de desaparecidos,Informative
266279302734176000,aumenta nmero de muertos por terremoto en guatemala ms de DD fallecidos httpAddress,Informative
266287267713253000,#worldnews ! DD feared dead and DD people could be #missing in #guatemala after #quake httpAddress,Informative
266298571383529000,rt usrId imgenes fuertes despus dl terremoto en #guatemala fuerza ! vctimas mortales y httpAddress #ecuador pas bendecid ..,Informative
266308075667988000,rt usrId at least DD people were killed after an #earthquake struck off guatemala s httpAddress httpAddress,Informative
266308230840480000,#temblorgt httpAddress eso fue epilepsia geografica de una vez !,not informative
266326455099720000,httpAddress terremoto in guatemala DD morti si cercano ancora cento persone httpAddress,Informative
266326706762170000,#guatemala DD vctimas y DD desaparecidos segn presidente httpAddress,Informative
266331622507434000,strong quake off guatemala kills 39 felt in mexico city guatemala city reuters a strong earthquake off httpAddress httpAddress,Informative
266352883421807000,#temblorgt no se cmo hay personas que estn subiendo imgenes jugando con eso de temblor #fuerzaguatemala hay que aprender a httpAddress,not informative
266358738682782000,rt usrId al minuto aumenta a DD el nmero de muertos por sismo en guatemala confirma usrId,Informative
266366003196350000,rt usrId #oyenteseu reportan una rplica del terremoto en sectores de #sanmarcos y httpAddress usrId y usrId ..,Informative
266367995515916000,rt usrId sube a DD la cifra de muertos por terremoto en guatemala httpAddress,Informative
266377835327934000,al menos DD muertos por fuerte sismo en guatemala httpAddress,Informative
266380041519243000,quake kills at least DD in guatemala wall street journal wall street journalquake kills at least DD in httpAddress httpAddress,Informative
266380771357491000,rt usrId guatemala se eleva a DD el nmero de fallecidos por terremoto httpAddress,Informative
266381928989589000,strong earthquake off guatemala kills at least 48 a strong earthquake off the coast of guatemala killed at httpAddress httpAddress,Informative
266406994146128000,rt usrId terremoto en guatemala deja al menos DD httpAddress video httpAddress,Informative
266426090812228000,usrId se eleva a DD la cantidad de muertos por terremoto en guatemala httpAddress,Informative
266445707572040000,i miss #guatemala and i m thinking and praying for it .,not informative
266459641058296000,terremoto en guatemala deja cerca de DD muertos httpAddress,Informative
266488594301071000,rt usrId care are on the ground assessing the situation after a 7.2 #earthquake hit #guatemala,Informative
266497448493584000,cifra de fallecidos por terremoto en guatemala aumenta a DD httpAddress,Informative
266545259348124000,al menos DD muertos y casi cien desaparecidos deja terremoto en guatemala httpAddress va usrId,Informative
266560568566108000,rt usrId guatemala un terremoto de 7 4 httpAddress k dios les de fuerzas y les ayude a superar esta tragedia !!,Informative
266563999498392000,rt usrId urgente #sismo de magnitud 7 5 sacude #guatemala httpAddress,Informative
266572249723703000,suben a DD los muertos por sismo en guatemala cnn en espaol httpAddress blogs httpAddress,Informative
266591325397344000,rt usrId up to 10 00 homes left uninhabitable in guatemala by earthquake which killed at least DD people httpAddress,Informative
266595133850538000,guatemala hunt for quake missing httpAddress,Informative
266596954144920000,there are now DD dead after the quake in guatemala httpAddress help is getting to the victims even though the task is far from done,Informative
266608027132637000,rt usrId noticiero online se eleva a DD la cifra de vctimas mortales tras sismo en httpAddress #prensalibrehoy en httpAddress ..,Informative
266634333815710000,rt usrId usrId latinoamrica se solidariza con guatemala luego del fuerte sismo httpAddress,not informative
266638725256212000,rt usrId #sismo sube a DD la cifra de muertos en httpAddress an hay DD desaparecidos se prev que cifra de vctimas aument ..,Informative
266640491037204000,sube a DD la cifra de muertos en guatemala httpAddress #guatemala #sismo #muertos,Informative
266664377590100000,rt usrId 7.2 magnitude earthquake kills at least DD in guatemala httpAddress,Informative
266672497762644000,se suspende el festival del rbol gallo y se destinar la mitad de los fondos q5 millones a los damnificados por el sismo en #guatemala,Informative
266676100699128000,medina expresa condolencias a guatemala por fallecidos en sismo httpAddress,not informative
266701581079167000,rt usrId evaluacin de daos en infraestructura por sismo en httpAddress httpAddress,Informative
266736314098000000,rt usrId really httpAddress guatemala is affected by a hard httpAddress my prayers go out to httpAddress #guatemaltecosalrescate,Informative
266841398215582000,rt usrId #earthquake m 4.4 middle america guatemala san marcos ocos preliminary earthquake report httpAddress httpAddress http ..,Informative
266859093971587000,#guatemala 2 3 #islassalomon,not informative
266884448526692000,rt usrId lo que est pasando en guatemala me tiene sin palabras ! todo mi apoyo a los afectados por el terremoto !,not informative
266959472038117000,usrId ever almeida vamos con todo el potencial #guatemala httpAddress es muy probable que la seleccin vuelva con una derrota !,not informative
267028095075238000,conred me bloqueo por preguntar si sabemos tanto de #terremotos en #guatemala ke sufrimos muerte y destruccin ? #wikileaks usrId,not informative
267065017533342000,rt usrId pronto espero visitar #honduras #guatemala #panama #paraguay es un sueo para mi estar con ustedes sigamos la lucha #re ..,not informative
267068595257868000,mourners bury family killed in guatemala quake san cristobal cucho guatemala reuters ivan vasquez cried httpAddress httpAddress,Informative
267099003957703000,httpAddress mourners bury family killed in guatemala quake reuters share with httpAddress httpAddress httpAddress,Informative
267406563889795000,#guatemala reporta DD rplicas de #terremoto del mircoles pasado httpAddress,Informative
267438822260883000,usgs #sismo mundo m httpAddress myanmar november 11 DD 01 12 46 gmt httpAddress,Informative
267772114264785000,esta bien mi gente de guatemala ? nuevo sismo httpAddress,not informative
267777180958863000,rt usrId sismo de magnitud 6 2 con epicentro en guatemala sacude el salvador httpAddress,Informative
267781312377651000,rt usrId revised httpAddress gt ; httpAddress 6.5 earthquake 30km wsw of champerico httpAddress nov DD 16 15 at epicenter 49m ago depth ..,Informative
267783552131813000,rt usrId 4.9 earthquake 49km ssw of champerico httpAddress nov DD 16 44 at epicenter DDm ago depth httpAddress httpAddress,Informative
267820835300065000,rt usrId sismo de 6 2 grados causa pnico entre la poblacin de guatemala httpAddress,Informative
267830654174126000,rt usrId 4.7 earthquake 38km sw of champerico httpAddress nov DD 21 02 at epicenter 18m ago depth httpAddress httpAddress,Informative
267846944821494000,#terremoto report m httpAddress offshore guatemala monday november 12 DD 03 31 17 utcsunday november 11 DD httpAddress httpAddress v,Informative
268064461422748000,one way to wear a tie if you re a girl #fashion #trends #saulemendez #guatemala #style style by red the tie look httpAddress,not informative
268737718522114000,aumenta a DD el nmero de muertos por terremoto en guatemala httpAddress,Informative
268800138179408000,terremoto na guatemala afeta mais de um milho de pessoas httpAddress,Informative
268883579638002000,international friendly #paraguay 3 1 httpAddress goles 37 luis caballero 59 p . aguilar p 87 m . lopez g 90 p . aguilar p,not informative
268954295637008000,rt usrId #sismo de 6 3 grados estremece varias regiones de #chile httpAddress,not informative
269245082505462000,rt usrId #sismo 5.2 #richter afecta a las regiones de #tarapac y httpAddress detalles httpAddress,not informative
269938728120746000,#venezuela envi a #guatemala DD toneladas de alimentos httpAddress,not informative
269986413167137000,#guatemala #paradise #loveit httpAddress,not informative
270530888339685000,#sismo a DD km al o de navidad preliminar si magnitud 3.8 profundidad DD km hora cerca httpAddress httpAddress #innova virtual news,Informative
270936536286126000,comenzar reconstruccin de viviendas tras sismo en guatemala el gobierno guatemalteco evalu hoy las primeras acciones de httpAddress,Informative
271071487987958000,rt usrId #sismo m httpAddress new britain region papua new guinea httpAddress,not informative
271386316657283000,rt usrId 19 52 httpAddress se activa quake alarm detector de #sismo ubicado en #santiagocentro #reginmetropolitana usrId,not informative
271399172215812000,rt usrId #sismo de magnitud 6 1 sacudi las costas de #chile httpAddress,Informative
271697311724339000,rt usrId #guatemala condena a DD aos de prisin a un zeta #mexicano httpAddress #elamarillo,not informative
272511417746350000,#climagt a las DD httpAddress en la ciudad de #guatemala se registra una temperatura de DD httpAddress se aprecian algunas nubes y viento a 7.2 httpAddress,not informative
233360966321070000,rt usrid heavy rains in taguig as well rt usrid its raining hard again in httpaddress stay safe httpaddress #floodsph,not informative
233379316367503000,check red cross httpaddress rt usrid where can i drop donations like canned goods and childrens clothes ? from laguna area #reliefph,not informative
233404872282747000,rt usrid usrid p noval httpaddress espana knee deep floods usrid usrid #floodsph httpaddress,not informative
233439819236266000,usrid relief efforts have stalled due to a shortage of httpaddress donations are needed at httpaddress thank you ! #unitas #reliefph donate pls !,not informative
233470605394059000,our simple way to help httpaddress #reliefgood #rescueph #rice richville place httpaddress,not informative
233481258955592000,rt usrid up doctors also here in baseco village giving medical httpaddress kudos ! god bless your efforts ! #reliefph httpaddress,not informative
233485851697504000,rt usrid don t panic to this genesis D D DD god promised to never do that httpaddress think positive be httpaddress pinoys !! #rescueph,not informative
233606597350392000,hashtags help coordinate relief efforts in philippine floods httpaddress va usrid,not informative
233644866146554000,monsoon rain floods manila in focus the atlantic httpaddress,not informative
233689321587241000,manila begins cleanup after floods cnn s alex zolbert gets a first hand look at the httpaddress httpaddress httpaddress,not informative
233862357594563000,sneakers on auction to help manila flood victims httpaddress #uae #news #dubai,not informative
234257943380517000,rt usrid manila should use this #phspeaksup aqua barrier large flood protection barrier used during yorks flooding uk httpaddress ..,not informative
389912650068402000,southern philippines hit by 7.4 magnitude earthquake no threat of pacific wide httpAddress,Informative
389913644131045000,rt usrId #earthquake quake with prelim mag of 7.2 struck philippines DD miles east northeast of tagbilaran bohoi ; no tsunami warning yet,Informative
389913971287155000,rt usrId #breaking 7.2 quake hits southern #philippines ; no threat of pacific wide tsunami httpAddress,Informative
389918857642537000,rt usrId new significant preliminary 7.2 magnitude earthquake just off nueva vida sur philippines usrId,Informative
389923253285708000,rt usrId magnitude 7.2 #earthquake in bohol pagdasal natin lahat ng httpAddress sana maging safe ang httpAddress #prayforbohol #philipp,Informative
389926386418217000,breaking a 7.2 earthquake just hit bohol in central httpAddress,Informative
389932552066052000,rt usrId usrId i pray for the safety of the people there in visayas #earthquake #philippines httpAddress st,not informative
389933898433835000,for a boholano ofw like me walang ibang magawa sa ngayon kundi ang magdasal at httpAddress #prayforbohol,not informative
389936528245268000,#prayforboholandcebu #prayforbohol #prayforcarmenbohol,not informative
389941297173508000,D killed in philippines earthquake httpAddress,Informative
389955004137611000,rt usrId 7.2 magnitude earthquake hits central philippines killing four but no tsunami expected say officials httpAddress,Informative
389956186969498000,rt usrId i just heard about the earthquake in the philippines ! i hope everyone is okay,not informative
389956946125550000,rt usrId dont tweet it . do it #prayforvisayas,not informative
389957470422331000,several killed in philippines earthquake httpAddress,Informative
389961538880012000,rt usrId the historical loboc church in bohol before amp ; after #earthquake #prayforvisayas god bless the philippines httpAddress,Informative
389962168034017000,rt usrId praying for the safety our brothers and sisters in cebu and httpAddress #earthquake #prayforvisayas,not informative
389968736293102000,rt usrId #prayforbohol #prayforcebu,not informative
389972842529313000,rt usrId devastation of nueva ecija due to typhoon httpAddress and now earthquake in cebu and httpAddress #prayforvisayas #prayfornuevaecija,not informative
389973131932086000,officials death toll rises to DD in httpAddress quake in central philippines officials death toll rises httpAddress httpAddress,Informative
389974079869948000,pray for our dear philippines luzon typhoons visayas earthquake mindanao war,not informative
389976105685238000,rt usrId praying for the safety our brothers and sisters in cebu and httpAddress #earthquake #prayforvisayas,not informative
389986163642995000,rt usrId seriously #getwellsoondanielpadilla is trending more than #prayforvisayas ? what is wrong with you people ?!,not informative
389995856683733000,rt usrId tboom na for tina jittaleela #tinajittaleelatboom #tinajittaleelashowtime #prayforvisayas,not informative
389997928661545000,rt usrId #prayforbohol #prayforcebu,not informative
389998075466375000,rt usrId httpAddress god is httpAddress god will protect httpAddress keep safe httpAddress,not informative
390001221211132000,earthquake update m 4.8 2km nnw of maribojoc philippines time2013 10 15 05 12 16 utc2013 10 15 13 12 16 httpAddress httpAddress,Informative
390001707734020000,rt usrId httpAddress earthquake hits philippines httpAddress,Informative
390002441733042000,usrId httpAddress god is httpAddress god will protect httpAddress keep safe httpAddress,not informative
390002794062565000,rt usrId what s happening at the world ?? earthquake at philippines typhoon at vietnam and cyclone at india aish let s pray for the,not informative
390006497628783000,take care cebu and httpAddress #prayforvisayas,not informative
390010138263708000,rt usrId #prayforvisayas or #prayfordaniel ? lol i m so worried !! xd cess,not informative
390024138884018000,usrId usrId heartbreaking photos #prayforvisayas #earthquake cebu and bohol now and then httpAddress,not informative
390043139073122000,rt usrId at least DD killed after magnitude 7.2 earthquake hits the philippines httpAddress,Informative
390051586392596000,rt usrId let s pray for the safety of the people in visayas and httpAddress #prayforvisayas #prayforboholandcebu,not informative
390057043203092000,good evening napakalakas ng lindol dito sa cebu #prayforvisayas,not informative
390058704113893000,rt usrId update at least DD killed after 7.1 quake hits southern philippines httpAddress usrId,Informative
390063980573499000,rt usrId usrId luzon typhoons visayas earthquake mindanao war pray for our dear httpAddress,not informative
390067482800968000,rt usrId so apparently the earthquake in visayas philippines was worst than 2010 s heiti httpAddress #prayforvisayas #prayforthe,Informative
390068594286920000,earthquake m httpAddress 11km nnw of san isidro philippines tuesday october 15 DD 10 07 24 utc tuesday httpAddress httpAddress,Informative
390070397862826000,rt usrId death toll soars past DD as frantic search continues for survivors of philippines earthquake httpAddress,Informative
